{
  "arch": "segformer",
  "best_val_mean_iou": 0.710424542427063,
  "best_val_acc": 0.9873794913291931,
  "latency": {
    "gpu": {
      "mean_ms": 32.0580080000218,
      "median_ms": 30.981499992776662,
      "device": "cuda",
      "input_shape": [
        1,
        3,
        256,
        256
      ]
    },
    "cpu": {
      "mean_ms": 316.49790000054054,
      "median_ms": 315.6604000250809,
      "device": "cpu",
      "input_shape": [
        1,
        3,
        256,
        256
      ]
    }
  },
  "checkpoint": "D:\\Projects\\New-Ground\\outputs\\checkpoints\\segformer\\best-v1.ckpt"
}