{
  "arch": "unet",
  "best_val_mean_iou": 0.7549226880073547,
  "best_val_acc": 0.991793155670166,
  "latency": {
    "gpu": {
      "mean_ms": 24.259818000009545,
      "median_ms": 24.236799999926006,
      "device": "cuda",
      "input_shape": [
        1,
        3,
        256,
        256
      ]
    },
    "cpu": {
      "mean_ms": 601.2282999999843,
      "median_ms": 606.8237999998018,
      "device": "cpu",
      "input_shape": [
        1,
        3,
        256,
        256
      ]
    }
  },
  "checkpoint": "D:\\Projects\\New-Ground\\outputs\\checkpoints\\unet\\best-v1.ckpt"
}