{
  "arch": "segformer",
  "best_val_mean_iou": 0.7054927945137024,
  "best_val_acc": 0.9867595434188843,
  "latency": {
    "gpu": {
      "mean_ms": 27.253141998662613,
      "median_ms": 28.682800009846687,
      "device": "cuda",
      "input_shape": [
        1,
        3,
        256,
        256
      ]
    },
    "cpu": {
      "mean_ms": 306.42889199836645,
      "median_ms": 313.55039999471046,
      "device": "cpu",
      "input_shape": [
        1,
        3,
        256,
        256
      ]
    }
  },
  "checkpoint": "D:\\Projects\\New-Ground\\outputs\\checkpoints\\segformer\\best.ckpt"
}