{
  "arch": "deeplabv3plus",
  "best_val_mean_iou": 0.7241138219833374,
  "best_val_acc": 0.9870355129241943,
  "latency": {
    "gpu": {
      "mean_ms": 17.54588800133206,
      "median_ms": 16.170900024008006,
      "device": "cuda",
      "input_shape": [
        1,
        3,
        256,
        256
      ]
    },
    "cpu": {
      "mean_ms": 636.9413200014969,
      "median_ms": 636.5840000216849,
      "device": "cpu",
      "input_shape": [
        1,
        3,
        256,
        256
      ]
    }
  },
  "checkpoint": "D:\\Projects\\New-Ground\\outputs\\checkpoints\\deeplabv3plus\\best-v1.ckpt"
}