{
  "arch": "deeplabv3plus",
  "best_val_mean_iou": 0.6046436429023743,
  "best_val_acc": 0.976900577545166,
  "latency": {
    "gpu": {
      "mean_ms": 19.409362000042165,
      "median_ms": 18.872500000725267,
      "device": "cuda",
      "input_shape": [
        1,
        3,
        256,
        256
      ]
    },
    "cpu": {
      "mean_ms": 216.04099599993788,
      "median_ms": 189.94720000046073,
      "device": "cpu",
      "input_shape": [
        1,
        3,
        256,
        256
      ]
    }
  },
  "checkpoint": "D:\\Projects\\New-Ground\\outputs\\checkpoints\\deeplabv3plus\\best.ckpt"
}